{
  "project_info": {
    "project_number": "665224682928",
    "project_id": "my-firebase-project-76e33",
    "storage_bucket": "my-firebase-project-76e33.appspot.com"
  },
  "client": [
    {
      "client_info": {
        "mobilesdk_app_id": "1:665224682928:android:e8894ccf252d7b013d4a75",
        "android_client_info": {
          "package_name": "com.example.firebase_app"
        }
      },
      "oauth_client": [],
      "api_key": [
        {
          "current_key": "AIzaSyADa-k0P_fB6wMf0BvYl-rud-R9jAAGifo"
        }
      ],
      "services": {
        "appinvite_service": {
          "other_platform_oauth_client": []
        }
      }
    },
    {
      "client_info": {
        "mobilesdk_app_id": "1:665224682928:android:9cb012c9e15afb203d4a75",
        "android_client_info": {
          "package_name": "com.example.flutter_firebase"
        }
      },
      "oauth_client": [],
      "api_key": [
        {
          "current_key": "AIzaSyADa-k0P_fB6wMf0BvYl-rud-R9jAAGifo"
        }
      ],
      "services": {
        "appinvite_service": {
          "other_platform_oauth_client": []
        }
      }
    }
  ],
  "configuration_version": "1"
}