{"flutter":{"platforms":{"android":{"default":{"projectId":"my-firebase-project-76e33","appId":"1:665224682928:android:251c8803814325d73d4a75","fileOutput":"android/app/google-services.json"}},"dart":{"lib/firebase_options.dart":{"projectId":"my-firebase-project-76e33","configurations":{"android":"1:665224682928:android:251c8803814325d73d4a75","ios":"1:665224682928:ios:0d92be32ba8fde5e3d4a75","macos":"1:665224682928:ios:0d92be32ba8fde5e3d4a75","web":"1:665224682928:web:76d5f6a6e10656cc3d4a75"}}}}}}