{"flutter":{"platforms":{"android":{"default":{"projectId":"firm-moonlight-420708","appId":"1:271612060907:android:f953d44de3b4bfd35d8aae","fileOutput":"android/app/google-services.json"}},"dart":{"lib/firebase_options.dart":{"projectId":"firm-moonlight-420708","configurations":{"android":"1:271612060907:android:f953d44de3b4bfd35d8aae","ios":"1:271612060907:ios:7d4fe9b006701e705d8aae","macos":"1:271612060907:ios:7d4fe9b006701e705d8aae","web":"1:271612060907:web:2b6ef4ca123db0745d8aae","windows":"1:271612060907:web:caabb3307ca1f6455d8aae"}}}}}}